<?xml version="1.0" encoding="UTF-8"?>
<beans xmlns="http://www.springframework.org/schema/beans"
    xmlns:xsi="http://www.w3.org/2001/XMLSchema-instance"
    xmlns:context="http://www.springframework.org/schema/context"
    xsi:schemaLocation="http://www.springframework.org/schema/beans
        https://www.springframework.org/schema/beans/spring-beans.xsd
        http://www.springframework.org/schema/context
        https://www.springframework.org/schema/context/spring-context.xsd">
        
    <context:component-scan base-package="net.netsong7.member" />
    
    <!-- 
    <bean id="memberDao" class="net.netsong7.member.repository.MemberDao" />
    -->
    
    <!-- 
    <bean id="memberRegSvc" class="net.netsong7.member.service.MemberRegisterService">
    	<constructor-arg ref="memberDao" />
    </bean>
    -->
    

	<!--
    <bean id="memberPwdSvc" class="net.netsong7.member.service.ChangePasswordService">
    	<constructor-arg ref="memberDao" />
    </bean>
	-->
    
    <!--
    <bean id="memPrinter" class="net.netsong7.member.common.MemberPrinter" />
    -->
    
    
    
 		<!-- SETTER 가져와야해서 property로 name은 set빼고 첫글자 소문자로.  -->
    <!--
    <bean id="infoPrinter" class="net.netsong7.member.service.MemberInfoPrinter">
    	<property name="memDao" ref="memberDao"></property>
    	<property name="printer" ref="memPrinter"></property>
    </bean>
   -->

	<!--
    <bean id="listPrinter" class="net.netsong7.member.service.MemberListPrinter">
    	<property name="memDao" ref="memberDao"></property>
    	<property name="printer" ref="memPrinter"></property>
    </bean>
    -->
    
</beans>