<?xml version="1.0" encoding="UTF-8"?>
<beans:beans xmlns:beans ="http://www.springframework.org/schema/beans"
    xmlns:xsi="http://www.w3.org/2001/XMLSchema-instance"
    xmlns:context="http://www.springframework.org/schema/context"
    xmlns="http://www.springframework.org/schema/mvc"
    xsi:schemaLocation="http://www.springframework.org/schema/beans
        https://www.springframework.org/schema/beans/spring-beans.xsd
        http://www.springframework.org/schema/context
        https://www.springframework.org/schema/context/spring-context.xsd
        http://www.springframework.org/schema/mvc 
        https://www.springframework.org/schema/mvc/spring-mvc.xsd">
	
	<!-- Enable the Spring MVC @Controller programming model -->
	<annotation-driven />
	
	<!-- Front-End Resources -->
	<resources location="/resources/" mapping="/**"></resources>
	
	<!-- View Resolver -->
	<!-- 
	<beans:bean class="org.springframework.web.servlet.view.InternalResourceViewResolver">
		<property name="prefix" value="/WEB-INF/views/" />
		<property name="suffix" value=".jsp" />
	</beans:bean>
	-->
	<view-resolvers>
		<jsp prefix="/WEB-INF/views/" />
		<jsp suffix=".jsp" />
	</view-resolvers>
	
	<context:component-scan base-package="com.exam" />
	<view-controller path="/" view-name="index"/>
</beans:beans>










