<?xml version="1.0" encoding="UTF-8"?>
<beans xmlns="http://www.springframework.org/schema/beans"
	xmlns:xsi="http://www.w3.org/2001/XMLSchema-instance"
	xsi:schemaLocation="http://www.springframework.org/schema/beans
		https://www.springframework.org/schema/beans/spring-beans.xsd">

    <bean id="messageBean" class="basic05.MessageBeanImpl" scope="prototype">
    														<!-- 객체가 생성될 때마다만 호출됨 -->  
   		<!--  
        <constructor-arg index="0" value="홍길동"></constructor-arg>
        <constructor-arg index="1" value="20"></constructor-arg>
        <constructor-arg index="2" value="안녕하세요"></constructor-arg>
        -->
        
        <constructor-arg  value="홍길동"></constructor-arg>
        <constructor-arg  value="20"></constructor-arg>
        <constructor-arg  value="안녕하세요"></constructor-arg>
        
        <property name="name" value="임꺽정"></property>
        <property name="age" value="30"></property>
        <property name="greeting" value="또 만났네요..."></property>
        
        <property name="outputter" ref="outputter"></property>
        
    </bean>
    
    <bean id="outputter" class="basic05.FileOutputter">
    	<property name="filePath" value="C:\\temp\\out.txt"></property>
    </bean>
    

    
</beans>




