<?xml version="1.0" encoding="UTF-8"?>
<beans xmlns="http://www.springframework.org/schema/beans"
    xmlns:xsi="http://www.w3.org/2001/XMLSchema-instance"
    xmlns:context="http://www.springframework.org/schema/context"
    xsi:schemaLocation="http://www.springframework.org/schema/beans
        https://www.springframework.org/schema/beans/spring-beans.xsd
        http://www.springframework.org/schema/context
        https://www.springframework.org/schema/context/spring-context.xsd">
        
    <context:component-scan base-package="basic06"></context:component-scan>
				<!-- 어디를 스캔할지 설정 -->
</beans>

	<!-- 
    <bean id="msgKr" class="basic06.MessageBeanKr">  
        <property name="name">
        	<value>홍길동</value>
        </property>
        
        <property name="age">
        	<value>20</value>
        </property>
        
    </bean>
    -->
    <!--  
     <bean id="msgEn" class="basic06.MessageBeanEn">  
        <property name="name">
        	<value>Tom</value>
        </property>
        
        <property name="age">
        	<value>30</value>
        </property>
    </bean>
    -->

    