<?xml version="1.0" encoding="UTF-8"?>
<beans xmlns="http://www.springframework.org/schema/beans"
    xmlns:xsi="http://www.w3.org/2001/XMLSchema-instance"
    xmlns:context="http://www.springframework.org/schema/context"
    xsi:schemaLocation="http://www.springframework.org/schema/beans
        https://www.springframework.org/schema/beans/spring-beans.xsd
        http://www.springframework.org/schema/context
        https://www.springframework.org/schema/context/spring-context.xsd">
    
    <!-- View Resolver -->
    
    <bean class="org.springframework.web.servlet.view.InternalResourceViewResolver">
    	<property name="viewClass">
    		<value>org.springframework.web.servlet.view.InternalResourceView</value>
    	</property>
    	
    	<property name="suffix">
    		<value>.jsp</value>
    	</property>
    	
    	<property name="prefix">
    		<value>/WEB-INF/views/</value>
    	</property>
    </bean>
    
    <bean class="org.springframework.web.servlet.view.ResourceBundleViewResolver">
        <property name="basename" value="bundleview"></property>
        <property name="order" value="0"></property>
    </bean>
    
</beans>


