<?xml version="1.0" encoding="UTF-8"?>
<beans xmlns="http://www.springframework.org/schema/beans"
    xmlns:xsi="http://www.w3.org/2001/XMLSchema-instance"
    xmlns:context="http://www.springframework.org/schema/context"
    xmlns:mvc="http://www.springframework.org/schema/mvc"
    xsi:schemaLocation="http://www.springframework.org/schema/beans
        https://www.springframework.org/schema/beans/spring-beans.xsd
        http://www.springframework.org/schema/context
        https://www.springframework.org/schema/context/spring-context.xsd
        http://www.springframework.org/schema/mvc 
        https://www.springframework.org/schema/mvc/spring-mvc.xsd">
        

	
	<context-param>
         <param-name>contextConfigLocation</param-name>
         <param-value>/WEB-INF/spring/root-context.xml</param-value>
     </context-param> 
     
     <!-- UTF-8 Encoding -->
    <filter>
        <filter-name>encodingFilter</filter-name>
        <filter-class>org.springframework.web.filter.CharacterEncodingFilter</filter-class>
        <init-param>
            <param-name>encoding</param-name>
            <param-value>UTF-8</param-value>
        </init-param>
    </filter>
    
    <filter-mapping>
        <filter-name>encodingFilter</filter-name>
        <url-pattern>/*</url-pattern>
    </filter-mapping>
	
	
	 <listener>
     <listener-class>org.springframework.web.context.ContextLoaderListner</listener-class>
    </listener>
	
	
		
	

    
</beans>

<!--
xmlns:mvc="http://www.springframework.org/schema/mvc"
http://www.springframework.org/schema/mvc 
https://www.springframework.org/schema/mvc/spring-mvc.xsd
    위의 beans에 새롭게 추가됨
-->
