<?xml version="1.0" encoding="UTF-8"?>
<beans xmlns="http://www.springframework.org/schema/beans"
    xmlns:xsi="http://www.w3.org/2001/XMLSchema-instance"
    xmlns:context="http://www.springframework.org/schema/context"
    xsi:schemaLocation="http://www.springframework.org/schema/beans
        https://www.springframework.org/schema/beans/spring-beans.xsd
        http://www.springframework.org/schema/context
        https://www.springframework.org/schema/context/spring-context.xsd">
       
       <bean id="memberDao" class="com.wjdahr12.Member.repository.MemberDao"></bean>
       
       <bean id="memberRegSvc" class="com.wjdahr12.Member.service.MemberRegisterService">
       		<constructor-arg ref="memberDao"/>
       </bean>
       
       <bean id="memberPwdSvc" class="com.wjdahr12.Member.service.ChangePasswordService">
       		<constructor-arg ref="memberDao"/>
       </bean>
       
       <bean id="memPrinter" class="com.wjdahr12.Member.MemberPrinter"/>
       
        <bean id="infoPrinter" class="com.wjdahr12.Member.service.MemberInfoPrinter">
       		<property name="memDao" ref="memberDao"></property>
       		<property name="printer" ref="memPrinter"></property>
       </bean>
       
       <bean id="listPrinter" class="com.wjdahr12.Member.service.MemberListPrinter">
       		<property name="memDao" ref="memberDao"></property>
       		<property name="printer" ref="memPrinter"></property>
       </bean>
       
</beans>


    