<?xml version="1.0" encoding="UTF-8"?>
<beans xmlns="http://www.springframework.org/schema/beans"
    xmlns:xsi="http://www.w3.org/2001/XMLSchema-instance"
    xmlns:context="http://www.springframework.org/schema/context"
    xsi:schemaLocation="http://www.springframework.org/schema/beans
        https://www.springframework.org/schema/beans/spring-beans.xsd
        http://www.springframework.org/schema/context
        https://www.springframework.org/schema/context/spring-context.xsd">
	
	<context:component-scan base-package="net.netsong7.member" />
	
	<!-- 
	<bean id="dataSource" class="org.springframework.jdbc.datasource.DriverManagerDataSource">
		<property name="driverClassName" value="oracle.jdbc.driver.OracleDriver" />
		<property name="url" value="jdbc:oracle:thin:@localhost:1521:xe" />
		<property name="username" value="scott" />
		<property name="password" value="1111" />
	</bean>
	-->
	
	<!-- 
	<bean id="dataSource" class="com.mchange.v2.c3p0.ComboPooledDataSource" destroy-method="close">
		<property name="driverClass" value="oracle.jdbc.driver.OracleDriver" />
		<property name="jdbcUrl" value="jdbc:oracle:thin:@localhost:1521:xe" />
		<property name="user" value="scott" />
		<property name="password" value="1111" />  
		<property name="initialPoolSize" value="5" />
		<property name="maxPoolSize" value="30" />      
	</bean>
	-->
	
	<!-- 
	<bean id="dataSource" class="org.apache.commons.dbcp2.BasicDataSource" 
				destroy-method="close">
		<property name="url" value="jdbc:oracle:thin:@localhost:1521:xe"/>
		<property name="driverClassName" value="oracle.jdbc.driver.OracleDriver"/>
		<property name="username" value="scott"/>
		<property name="password" value="1111"/>
		<property name="defaultAutoCommit" value="true"/>
		<property name="initialSize" value="5"/>
		<property name="maxIdle" value="5"/>
	</bean>
	-->
	
	<bean id="hikariConfig" class="com.zaxxer.hikari.HikariConfig">
		<property name="driverClassName" value="oracle.jdbc.driver.OracleDriver"></property>
		<property name="jdbcUrl" value="jdbc:oracle:thin:@localhost:1521:xe"></property>
		<property name="username" value="scott"></property>
		<property name="password" value="1111"></property>
	</bean>
	
	<bean id="dataSource" class="com.zaxxer.hikari.HikariDataSource">
		<constructor-arg ref="hikariConfig" />
	</bean>
	
	<bean id="jdbcTemplate" class="org.springframework.jdbc.core.JdbcTemplate">
		<property name="dataSource" ref="dataSource"></property>
	</bean>
</beans>







