<?xml version="1.0" encoding="UTF-8"?>
<beans xmlns="http://www.springframework.org/schema/beans"
    xmlns:xsi="http://www.w3.org/2001/XMLSchema-instance"
    xmlns:context="http://www.springframework.org/schema/context"
    xsi:schemaLocation="http://www.springframework.org/schema/beans
        https://www.springframework.org/schema/beans/spring-beans.xsd
        http://www.springframework.org/schema/context
        https://www.springframework.org/schema/context/spring-context.xsd">
        
        <!-- 
        <bean id="msg" class="basic08.MessageBeanImpl" autowire="byName">  
        											
	        <property name="name">
	        	<value>홍길동</value>
	        </property>
	        
	        <property name="age">
	        	<value>20</value>
	        </property>
	        
	      
        </bean>
        
        <bean id="outputter" class="basic08.FileOutputter">
        	<property name="filePath" value="c:\\temp\\out.txt"></property>
        </bean> 
        -->
        
        <context:component-scan base-package="basic08"></context:component-scan>
        
        <bean id="msg" class="basic08.MessageBeanImpl">  
        											
	        <property name="name">
	        	<value>홍길동</value>
	        </property>
	        
	        <property name="age"> 
	        	<value>20</value>
	        </property>
	        
	      
        </bean>
        
        
        <bean id="outputter_rename" class="basic08.FileOutputter">
        	<property name="filePath" value="c:\\temp\\out.txt"></property>
        	<qualifier value="out1"></qualifier>
        </bean>
        
         <bean id="outputter_rename2" class="basic08.FileOutputter2">
        	<property name="filePath" value="c:\\temp\\out2.txt"></property>
        	<qualifier value="out2"></qualifier>
        </bean>
   
</beans>


    